{
  "homeInfo": {
    "title": "首页",
    "href": "page/welcome-1.html?t=1"
  },
  "logoInfo": {
    "title": "marketing",
    "image": "/images/icbc_icon.jpg",
    "href": ""
  },
  "menuInfo": [
    {
      "title": "常规管理",
      "icon": "fa fa-address-book",
      "href": "",
      "target": "_self",
      "child": [
        {
          "title": "用户管理",
          "href": "page/user/user-table1.html",
          "icon": "fa fa-address-book",
          "target": "_self"
        },
        {
          "title": "客户营销",
          "href": "page/product-table.html",
          "icon": "fa fa-shopping-bag",
          "target": "_self"
        },
        {
          "title": "客户营销2",
          "href": "page/cust2/cust-table.html",
          "icon": "fa fa-shopping-bag",
          "target": "_self"
        },
        {
          "title": "营销记录",
          "href": "page/marketRecord/marketRecord-table.html",
          "icon": "fa fa-shopping-bag",
          "target": "_self"
        }
      ]
    }
  ]
}